<?xml version="1.0" encoding="UTF-8"?>

<!--
  ~ JBoss, Home of Professional Open Source.
  ~ Copyright 2012, Red Hat, Inc., and individual contributors
  ~ as indicated by the @author tags. See the copyright.txt file in the
  ~ distribution for a full listing of individual contributors.
  ~
  ~ This is free software; you can redistribute it and/or modify it
  ~ under the terms of the GNU Lesser General Public License as
  ~ published by the Free Software Foundation; either version 2.1 of
  ~ the License, or (at your option) any later version.
  ~
  ~ This software is distributed in the hope that it will be useful,
  ~ but WITHOUT ANY WARRANTY; without even the implied warranty of
  ~ MERCHANTABILITY or FITNESS FOR A PARTICULAR PURPOSE. See the GNU
  ~ Lesser General Public License for more details.
  ~
  ~ You should have received a copy of the GNU Lesser General Public
  ~ License along with this software; if not, write to the Free
  ~ Software Foundation, Inc., 51 Franklin St, Fifth Floor, Boston, MA
  ~ 02110-1301 USA, or see the FSF site: http://www.fsf.org.
  -->

<module xmlns="urn:jboss:module:1.1" name="org.jboss.as.jsf-injection" slot="mojarra-2.1.29-01">
    <properties>
        <property name="jboss.api" value="private"/>
    </properties>

    <resources>
        <resource-root path="wildfly-jsf-injection-8.1.0.Final.jar"/>
        <resource-root path="weld-core-jsf-2.1.2.Final.jar"/>
        <!-- Insert resources here -->
    </resources>

    <dependencies>
        <module name="com.sun.jsf-impl" slot="mojarra-2.1.29-01"/>
        <module name="javax.api"/>
        <module name="org.jboss.as.web-common"/>
        <module name="javax.servlet.api"/>
        <module name="org.jboss.as.ee"/>
        <module name="javax.enterprise.api"/>
        <module name="org.jboss.logging"/>
        <module name="org.jboss.weld.core"/>

        <module name="javax.faces.api" slot="mojarra-2.1.29-01"/>
    </dependencies>
</module>
